gene	evidence	TAD ID	chromosome	TAD Start	TAD End	UCSC
ABCC8	tad	1938	chr11	17243424	17563424	chr11:17243424-17563424
KCNJ11	gwas_tad	1938	chr11	17243424	17563424	chr11:17243424-17563424
SLC16A11	gwas	2573	chr17	6539276	7099276	chr17:6539276-7099276
JAZF1	gwas	1361	chr7	28153475	28913475	chr7:28153475-28913475
ANXA5	gwas	908	chr4	120980552	122740550	chr4:120980552-122740550
TMEM155	gwas	908	chr4	120980552	122740550	chr4:120980552-122740550
SPRY2	gwas	2266	chr13	80141999	81621999	chr13:80141999-81621999
PEPD	gwas	2755	chr19	33708160	34268160	chr19:33708160-34268160
POU5F1	gwas	1197	chr6	30412021	31372021	chr6:30412021-31372021
ZNF800	gwas	1461	chr7	124532764	127212764	chr7:124532764-127212764
HNRNPKP3	gwas	1964	chr11	41243424	43283424	chr11:41243424-43283424
VPS26A	gwas	1851	chr10	70769994	71169994	chr10:70769994-71169994
GIPR	gwas_tad	2778	chr19	45868160	46228160	chr19:45868160-46228160
LINC00977	gwas	1617	chr8	127850818	130770818	chr8:127850818-130770818
C15orf38-AP3S2	gwas	2454	chr15	89878996	90798996	chr15:89878996-90798996
AP3S2	gwas	2454	chr15	89878996	90798996	chr15:89878996-90798996
LRTM1	gwas	647	chr3	54424960	55464960	chr3:54424960-55464960
CHCHD2P9	gwas	1706	chr9	81730180	82770180	chr9:81730180-82770180
RAF1	tad	591	chr3	11105000	12865000	chr3:11105000-12865000
GSTM5P1	gwas	591	chr3	11105000	12865000	chr3:11105000-12865000
PPARG	gwas	591	chr3	11105000	12865000	chr3:11105000-12865000
TIMP4	gwas	591	chr3	11105000	12865000	chr3:11105000-12865000
KLF14	gwas	1464	chr7	129692764	130549460	chr7:129692764-130549460
CMIP	gwas	2554	chr16	81042499	81922499	chr16:81042499-81922499
WWOX	tad	2552	chr16	78122499	80562499	chr16:78122499-80562499
RNA5SP431	gwas	2552	chr16	78122499	80562499	chr16:78122499-80562499
MAF	gwas	2552	chr16	78122499	80562499	chr16:78122499-80562499
TGFB2	tad	307	chr1	218413377	220013377	chr1:218413377-220013377
ZC3H11B	gwas	307	chr1	218413377	220013377	chr1:218413377-220013377
RIMKLBP2	gwas	307	chr1	218413377	220013377	chr1:218413377-220013377
FTO	gwas	2520	chr16	53562499	55442499	chr16:53562499-55442499
TMEM18	gwas	347	chr2	10000	1860993	chr2:10000-1860993
FAM150B	gwas	347	chr2	10000	1860993	chr2:10000-1860993
LINGO2	gwas	1670	chr9	28090000	29770000	chr9:28090000-29770000
MTNR1B	gwas_tad	2023	chr11	92680352	93480352	chr11:92680352-93480352
WFS1	gwas	802	chr4	5949099	6589099	chr4:5949099-6589099
MIR3941	gwas	1908	chr10	124010010	124210010	chr10:124010010-124210010
FAF1	gwas_tad	92	chr1	50827413	51227412	chr1:50827413-51227412
VEGFA	gwas	1213	chr6	43572022	44332022	chr6:43572022-44332022
THADA	gwas	391	chr2	43026496	43826496	chr2:43026496-43826496
HNF1B	gwas_tad	2598	chr17	34805887	36295000	chr17:34805887-36295000
DYNLL1	tad	2200	chr12	120635617	121675617	chr12:120635617-121675617
OASL	gwas	2200	chr12	120635617	121675617	chr12:120635617-121675617
SIRT4	tad	2200	chr12	120635617	121675617	chr12:120635617-121675617
HNF1A	gwas	2200	chr12	120635617	121675617	chr12:120635617-121675617
ZBED3-AS1	gwas	1054	chr5	76404244	76804244	chr5:76404244-76804244
PDE8B	tad	1054	chr5	76404244	76804244	chr5:76404244-76804244
SOX4	tad	1188	chr6	20092021	21932021	chr6:20092021-21932021
CDKAL1	gwas	1188	chr6	20092021	21932021	chr6:20092021-21932021
KLHL42	gwas	2110	chr12	27868733	29188733	chr12:27868733-29188733
PTHLH	gwas	2110	chr12	27868733	29188733	chr12:27868733-29188733
ADCY5	gwas_tad	710	chr3	122437310	123317310	chr3:122437310-123317310
ARL15	gwas	1026	chr5	52404243	53804243	chr5:52404243-53804243
TCF7L2	gwas_tad	1897	chr10	114210010	115410010	chr10:114210010-115410010
FBXW7	tad	942	chr4	153340550	153700550	chr4:153340550-153700550
MPHOSPH9	gwas	2202	chr12	123314047	123754047	chr12:123314047-123754047
HIP1R	tad	2202	chr12	123314047	123754047	chr12:123314047-123754047
HIGD1C	gwas	2130	chr12	51153733	51793733	chr12:51153733-51793733
ADAMTS9-AS2	gwas	659	chr3	64544960	65304960	chr3:64544960-65304960
PPIF	tad	1863	chr10	79809994	81289994	chr10:79809994-81289994
ZMIZ1	gwas	1863	chr10	79809994	81289994	chr10:79809994-81289994
RPSAP52	gwas	2146	chr12	65153733	66513733	chr12:65153733-66513733
UBE2E2	gwas	607	chr3	23024996	24024996	chr3:23024996-24024996
IL20RA	tad	1295	chr6	136598307	137998307	chr6:136598307-137998307
RPL35AP3	gwas	1295	chr6	136598307	137998307	chr6:136598307-137998307
BCLAF1	tad	1295	chr6	136598307	137998307	chr6:136598307-137998307
SLC35D3	gwas	1295	chr6	136598307	137998307	chr6:136598307-137998307
CDKN2B-AS1	gwas	1661	chr9	21810000	22250000	chr9:21810000-22250000
UBA52P6	gwas	1661	chr9	21810000	22250000	chr9:21810000-22250000
PROX1-AS1	gwas	300	chr1	213253377	214373377	chr1:213253377-214373377
DGKB	gwas	1343	chr7	14753475	16113475	chr7:14753475-16113475
KCNK16	gwas	1206	chr6	38812022	39292022	chr6:38812022-39292022
KCNK17	gwas	1206	chr6	38812022	39292022	chr6:38812022-39292022
GLP1R	tad	1206	chr6	38812022	39292022	chr6:38812022-39292022
MIR5702	gwas	562	chr2	226531756	227971756	chr2:226531756-227971756
IRS1	tad	562	chr2	226531756	227971756	chr2:226531756-227971756
MC4R	gwas_tad	2699	chr18	57569020	58249020	chr18:57569020-58249020
RPS3AP49	gwas	2699	chr18	57569020	58249020	chr18:57569020-58249020
PMAIP1	tad	2699	chr18	57569020	58249020	chr18:57569020-58249020
KCNQ1	gwas	1919	chr11	2443424	2923424	chr11:2443424-2923424
KCNQ1OT1	gwas	1919	chr11	2443424	2923424	chr11:2443424-2923424
PRELID1P1	gwas	1282	chr6	126318307	127518307	chr6:126318307-127518307
DCD	gwas	2135	chr12	54873733	55393733	chr12:54873733-55393733
VDAC1P5	gwas	2135	chr12	54873733	55393733	chr12:54873733-55393733
TSPAN8	gwas	2152	chr12	70033733	72153733	chr12:70033733-72153733
LGR5	gwas	2152	chr12	70033733	72153733	chr12:70033733-72153733
HHEX	gwas	1877	chr10	94410020	95290010	chr10:94410020-95290010
EXOC6	gwas	1877	chr10	94410020	95290010	chr10:94410020-95290010
BCAP31	tad	3059	chrX	152786806	153426806	chrX:152786806-153426806
DUSP9	gwas	3059	chrX	152786806	153426806	chrX:152786806-153426806
KRT18P48	gwas	3059	chrX	152786806	153426806	chrX:152786806-153426806
MAEA	gwas	794	chr4	10000	1670202	chr4:10000-1670202
CPLX1	tad	794	chr4	10000	1670202	chr4:10000-1670202
LPP-AS2	gwas	782	chr3	187517306	188957306	chr3:187517306-188957306
RNA5SP94	gwas	405	chr2	57786496	60906496	chr2:57786496-60906496
MIR4432	gwas	405	chr2	57786496	60906496	chr2:57786496-60906496
SLC30A8	gwas_tad	1604	chr8	115850824	118330819	chr8:115850824-118330819
CTSH	tad	2445	chr15	79212945	80692945	chr15:79212945-80692945
ZFAND6	gwas	2445	chr15	79212945	80692945	chr15:79212945-80692945
FAH	gwas	2445	chr15	79212945	80692945	chr15:79212945-80692945
RNF6	gwas	2217	chr13	26742000	27502000	chr13:26742000-27502000
PTEN	tad	1871	chr10	89570020	90370020	chr10:89570020-90370020
MED6P1	gwas	1871	chr10	89570020	90370020	chr10:89570020-90370020
PSMD6	gwas	658	chr3	63984960	64544960	chr3:63984960-64544960
PRICKLE2-AS1	gwas	658	chr3	63984960	64544960	chr3:63984960-64544960
RFX3	tad	1637	chr9	2850000	4370000	chr9:2850000-4370000
GLIS3	gwas	1637	chr9	2850000	4370000	chr9:2850000-4370000
HMG20A	gwas	2442	chr15	77292945	78172945	chr15:77292945-78172945
NPM1P47	gwas	2421	chr15	61412708	62612708	chr15:61412708-62612708
C2CD4B	gwas	2421	chr15	61412708	62612708	chr15:61412708-62612708
IGF2BP2	gwas	777	chr3	185357306	185637306	chr3:185357306-185637306
ZFAND3	gwas	1205	chr6	37332022	38732022	chr6:37332022-38732022
DGKB	gwas	1342	chr7	13313475	14753475	chr7:13313475-14753475
TP53INP1	gwas_tad	1582	chr8	95570824	96290824	chr8:95570824-96290824
CCNE2	gwas	1582	chr8	95570824	96290824	chr8:95570824-96290824
SERINC3	tad	2838	chr20	42846586	43926586	chr20:42846586-43926586
R3HDML	gwas	2838	chr20	42846586	43926586	chr20:42846586-43926586
STK4	tad	2838	chr20	42846586	43926586	chr20:42846586-43926586
YWHAB	tad	2838	chr20	42846586	43926586	chr20:42846586-43926586
FITM2	gwas	2838	chr20	42846586	43926586	chr20:42846586-43926586
HNF4A	gwas_tad	2838	chr20	42846586	43926586	chr20:42846586-43926586
ANK1	gwas	1532	chr8	41480843	42240843	chr8:41480843-42240843
NOTCH2	gwas	190	chr1	118518477	120558477	chr1:118518477-120558477
ST6GAL1	gwas	780	chr3	186557306	186877306	chr3:186557306-186877306
CDC123	gwas	1805	chr10	12239994	13399994	chr10:12239994-13399994
CAMK1D	gwas	1805	chr10	12239994	13399994	chr10:12239994-13399994
